type,prompt
measurement_first_order,"I am $AGENT_NAME$. My teammate $OPPO_NAME$ and I want to transport as many target objects as possible to the bed with the help of containers within 3000 steps. I can hold two things at a time, and they can be objects or containers. I can grasp containers and put objects into them to hold more objects at a time. Note that a container can contain three objects, and will be lost once transported to the bed. The room can be explored none/part/all.

Please help me extract and infer the zero order and first order beliefs held by myself, and update previous beliefs them exactly in the Belief Symbolic Language below. Remember that confidence level of the beliefs extracted from input are all ""certian"", because these beliefs are directly observed. 

Notice:
1.Distinguish between private and shared knowledge.
2.Correct previous uncertain beliefs according to the input.
3.Maintain the beliefs in the format of Belief Symbolic Language.
4.DO NOT generate information not be mentioned both in Visual Description and Dialogue History.
5.No natural language explanation in the beliefs.
6.All entitiess are denoted as <name> (id), such as <table> (712) except the agents.

Following are provided information for you:
Old beliefs: $BELIEFS$

Visual Description: $VISUAL_OBSERVATION$

Dialogue History: $MESSAGE$

Belief Symbolic Language: $LANGUAGE$

Answer strictly in this format:
updated beliefs:
"
measurement_zero_order,"I am $AGENT_NAME$. My teammate $OPPO_NAME$ and I want to transport as many target objects as possible to the bed with the help of containers within 3000 steps. I can hold two things at a time, and they can be objects or containers. I can grasp containers and put objects into them to hold more objects at a time. Note that a container can contain three objects, and will be lost once transported to the bed. The room can be explored none/part/all.

Please help me extract and infer the zero order and first order beliefs held by myself, and update previous beliefs them exactly in the Belief Symbolic Language below. Remember that confidence level of the beliefs extracted from input are all ""certian"", because these beliefs are directly observed. 

Notice:
1.Distinguish between private and shared knowledge.
2.Correct previous uncertain beliefs according to the input.
3.Maintain the beliefs in the format of Belief Symbolic Language.
4.DO NOT generate information not be mentioned both in Visual Description and Dialogue History.
5.No natural language explanation in the beliefs.
6.All entitiess are denoted as <name> (id), such as <table> (712) except the agents.

Following are provided information for you:
Old beliefs: $BELIEFS$

Visual Description: $VISUAL_OBSERVATION$

Dialogue History: $MESSAGE$

Belief Symbolic Language: $LANGUAGE$

Answer strictly in this format:
updated beliefs:
"
prediction_first_order,"I am $AGENT_NAME$. My teammate $OPPO_NAME$ and I want to transport as many target objects as possible to the bed with the help of containers within 3000 steps. I can hold two things at a time, and they can be objects or containers. I can grasp containers and put objects into them to hold more objects at a time. Note that a container can contain three objects, and will be lost once transported to the bed. The room can be explored none/part/all.

First, please help me predict the likely states of uncertain beliefs(beliefs without certain confidence) based on my first order beliefs. Update the beliefs with the predicted states and assign a belief level(high/medium/low) to each updated belief. DO NOT predict for objects already known to be held or seen (certain state).
The Updated beliefs should meet in the belief symbolic language format like old beliefs.

Second, please predict the possible next subplans the $OPPO_NAME$ will take based on the updated beliefs after the first predicion step.
The generated subplan must meet following requirements:
1.There are 5 allowed actions you can use to construct the subplan. The subplan should composed of 1-3 actions. 1) ‘go to’: move to a specified room. 2) ’explore’: explore a room for underlying target objects. 3) ‘go grasp’: go to grasp a specified target object. 4) ‘put’: Place an object into a specified container. 5) ’transport’: Transport holding objects or containers to the bed and drop them on the bed.
Here are some examples for you:
Go to <living>(room) and explore it.
Go grasp <banana>(12123) and put it into the <basket>(22123).
Go grasp <banana>(12123) and <apple>(32123) and transport them to the bed.
Explore current room.

You need to reason three most possible subplans,use ""subplan1: subplan2: subplan3:"" to represent. Do not output entities not in the beliefs.

Notice:
No natural language explanation in the beliefs.
Represent objects,container and room strictly in the format <name>(id) like <livingroom>(1000) <wicker_basket>(5388017). If you don't know goal obejects' id, use <1> <2> <3> to represent multiple same objects. 
Do not delete any beliefs in previous beliefs, you are allow to add a new belief in the belief symbolic language format.

Following are provided information for you:
Goal: $GOAL$

Belief Symbolic Language: $LANGUAGE$

First order beliefs: $FIRST_ORDER_BELIEFS$

Dialogue History: $DIALOGUE_HISTORY$



Answer strictly in this format:
1. Updated Beliefs:

2. $OPPO_NAME$'s Subplans: 
subplan1: 
subplan2: 
subplan3:"
prediction_zero_order,"I am $AGENT_NAME$. My teammate $OPPO_NAME$ and I want to transport as many target objects as possible to the bed with the help of containers within 3000 steps. I can hold two things at a time, and they can be objects or containers. I can grasp containers and put objects into them to hold more objects at a time. Note that a container can contain three objects, and will be lost once transported to the bed. The room can be explored none/part/all.

First, please help me predict the likely states of uncertain beliefs(beliefs without certain confidence) based on my zero order beliefs. Update the beliefs with the predicted states and assign a belief level(high/medium/low) to each updated belief. DO NOT predict for objects already known to be held or seen (certain state).
The Updated beliefs should meet in the belief symbolic language format like old beliefs.

Second, please predict the possible next subplans the I will take based on the updated beliefs after the first predicion step.
The generated subplan must meet following requirements:
1.There are 5 allowed actions you can use to construct the subplan. The subplan should composed of 1-3 actions. 1) ‘go to’: move to a specified room. 2) ’explore’: explore a room for underlying target objects. 3) ‘go grasp’: go to grasp a specified target object. 4) ‘put’: Place an object into a specified container. 5) ’transport’: Transport holding objects or containers to the bed and drop them on the bed.
Here are some examples for you:
Go to <living>(room) and explore it.
Go grasp <banana>(12123) and put it into the <basket>(22123).
Go grasp <banana>(12123) and <apple>(32123) and transport them to the bed.
You need to answer one best subplan.

Notice:
No natural language explanation in the beliefs.
Represent objects,container and room strictly in the format <name>(id) like <livingroom>(1000) <wicker_basket>(5388017). If you don't know goal obejects' id, use <1> <2> <3> to represent multiple same objects. 
Do not delete any beliefs in previous beliefs, you are allow to add a new belief in the belief symbolic language format.

Following are provided information for you:
Goal: $GOAL$

Belief Symbolic Language: $LANGUAGE$

Zero order beliefs: $ZERO_ORDER_BELIEFS$

Answer strictly in this format:
1. Updated Beliefs:
2. My Subplans:"
coordination_aware,"I am $AGENT_NAME$. My teammate $OPPO_NAME$ and I want to transport as many target objects as possible to the bed with the help of containers within 3000 steps. I can hold two things at a time, and they can be objects or containers. I can grasp containers and put objects into them to hold more objects at a time. Note that a container can contain three objects, and will be lost once transported to the bed. The room can be explored none/part/all.

Please help me identify the potential miscoordination between my own subplan and $OPPO_NAME$'s subplan based on the following information:
1.zero order beliefs: $ZERO_ORDER_BELIEFS$
2.first order beliefs: $FIRST_ORDER_BELIEFS$
3.My subplan: $MY_SUBPLAN$
4.$OPPO_NAME$'s potential subplans: $OPPO_SUBPLAN$

Please answer the following questions:
1. Is there any potential miscoordination between my subplan and $OPPO_NAME$'s potential subplans or between zero_order_beliefs and first_order_beliefs? Answer Yes or No MISCOORDINATION.
2. If yes, please analyze the reasons for the miscoordination in three aspects: 
(1) conflicting actions: such as go to and explore the same room or grasp the same object
(2) resource waste: such as idle containers are not being utilized.
(3) misalignment information: such as objects already seen by one agent but not known by the other agent.
Provide at most three reasons.
3. Based on the analysis, please generate a message to better align with $OPPO_NAME$'s informations and enhance collaboration. Such as: inform what $OPPO_NAME$ may not know, share your subplan with teammate.

4. If no, just answer NO MISCOORDINATION with no reasons and messages.

Answer in this format:
1. Answer:
2. Reason:
3. Message:"
passive_comm,"I'm $AGENT_NAME$. My friend $OPPO_NAME$ and I want to transport as many target objects as possible to the bed with the help of containers. I can hold two things at a time, and they can be objects or containers. I can grasp containers and put objects into them to hold more objects at a time. Given my state, my previous actions, please help me choose the best available action according to my subplan and previous actions. In order to achieve a subplan, I may need to complete several actions, so you need to choose a best action based on previous actions to continue to complete this subplan. If I have done all actions need in the subplan, just answer SUBPLAN DONE.First  reason about current progress (at most three reasons) and select a action to contribute to complete the goal.

My state: $MYSTATE$

Subplan: $SUBPLAN$

Previous actions: $PREVIOUSACTIONS$

Available actions: $AVAILABLEACTIONS$

Answer in following format:
Reason:
Answer:

"
intuitive_planning,"I am $AGENT_NAME$. My teammate $OPPO_NAME$ and I want to transport as many target objects as possible to the bed with the help of containers within 3000 steps. I can hold two things at a time, and they can be objects or containers. I can grasp containers and put objects into them to hold more objects at a time. 

Assume that you are an expert decision maker. Given our shared goal, my subplan, my progress, and previous actions, please help me choose the best available action to achieve the goal as soon as possible. Note that a container can contain three objects, and will be lost once transported to the bed. I can only put objects into the container I hold after grasping it. All
objects are denoted as <name> (id), such as <table> (712). Actions take several steps to finish. It may be costly to go to another room or transport to the bed, use these actions sparingly.

If you think the subplan has been completed, just answer SUBPLAN DONE.

Goal: $GOAL$

My subplan: $MY_SUBPLAN$

Previous action: $PREVIOUS_ACTIONS$

Progress: $PROGRESS$

Action list: $ACTION_LIST$

Just answer the next best action without any analysis and reasoning progress:
Answer: "
init_beliefs,"I am $AGENT_NAME$. My teammate $OPPO_NAME$ and I want to transport as many target objects as possible to the bed with the help of containers within 3000 steps. I can hold two things at a time, and they can be objects or containers. I can grasp containers and put objects into them to hold more objects at a time. Note that a container can contain three objects, and will be lost once transported to the bed. The room can be explored none/part/all.

Please help me initial zero order and first order beliefs based on the goals and environment settings. The beliefs should meet in the belief symbolic language format below. You should init the beleifs using the belief rules below. Represent objects,container and room strictly in the format <name>(id) like <livingroom>(1000) <wicker_basket>(5388017). If you don't know goal obejects' id, use <1> <2> <3> to represent multiple same objects. 
Since you know nothing about the environment, all beliefs should be with low confidence level and all state or position of objects should be unknown.


Following are provided information for you:
Goal: $GOAL$

Environment Settings: $ENV_SETTING$

Belief Symbolic Language: $LANGUAGE$

Belief Rules: $BELIEF_RULES$

Answer strictly in this format:
zero order beliefs:
first order beliefs:
"
